userId,age,gender,location,username,password
1,53.0,Male,Brandontown,,
2,39.0,Male,Port Patrick,,
3,38.0,Female,Yodermouth,,
4,18.0,Female,Port Rebecca,,
5,35.0,Male,West Jamesland,,
6,38.0,Male,Tonyashire,,
7,63.0,Female,Gloriaville,,
8,39.0,Male,New Christianmouth,,
9,61.0,Male,Stephanieside,,
10,22.0,Female,Marthastad,,
11,40.0,Male,Cherylfurt,,
12,62.0,Female,East Derrickstad,,
13,57.0,Male,Melissatown,,
14,35.0,Female,Lake Natasha,,
15,30.0,Female,New Williamstad,,
16,21.0,Male,Phillipston,,
17,32.0,Female,East Christine,,
18,33.0,Female,Johnsonstad,,
19,26.0,Female,North Cassie,,
20,46.0,Male,Howellchester,,
21,29.0,Male,Lopezview,,
22,52.0,Female,New Wendy,,
23,54.0,Male,Patrickton,,
24,57.0,Male,East Chrismouth,,
25,58.0,Male,South Joseph,,
26,45.0,Male,Robertland,,
27,23.0,Female,Oconnorshire,,
28,27.0,Male,East Barbara,,
29,27.0,Female,Gibbsside,,
30,65.0,Male,Beasleybury,,
31,25.0,Male,South Jessicachester,,
32,32.0,Male,East William,,
33,47.0,Male,Port Perrybury,,
34,63.0,Male,Smithchester,,
35,46.0,Female,Samanthaville,,
36,62.0,Male,South Jessicastad,,
37,35.0,Female,North Danieltown,,
38,61.0,Female,Lake Christine,,
39,50.0,Male,North Gregoryfurt,,
40,64.0,Female,Brianview,,
41,34.0,Male,South Morgan,,
42,61.0,Male,New Michelle,,
43,53.0,Female,North Phillip,,
44,32.0,Female,Thomasberg,,
45,46.0,Female,Harrisonberg,,
46,34.0,Female,Peterfurt,,
47,50.0,Male,Johnsonhaven,,
48,45.0,Female,Cruzstad,,
49,39.0,Female,Emilyton,,
50,35.0,Male,South Meganmouth,,
51,40.0,Female,Lake Annette,,
52,29.0,Male,Port Victor,,
53,60.0,Male,Joshuaport,,
54,45.0,Male,North Laura,,
55,55.0,Female,Tamaraburgh,,
56,63.0,Female,Lake Nicolemouth,,
57,37.0,Male,South Christopher,,
58,45.0,Male,North Michael,,
59,56.0,Female,Millstown,,
60,37.0,Male,East Annetteberg,,
61,32.0,Female,South Craigmouth,,
62,34.0,Female,Nathanberg,,
63,24.0,Female,Kemptown,,
64,64.0,Male,Sethview,,
65,41.0,Male,South Mistyburgh,,
66,32.0,Female,Brendaville,,
67,56.0,Female,Rachelport,,
68,41.0,Male,Jenningsberg,,
69,21.0,Female,Lake Julia,,
70,21.0,Male,Jacksonhaven,,
71,60.0,Male,Port Wendy,,
72,22.0,Female,North Susanfort,,
73,39.0,Female,West Thomas,,
74,39.0,Male,North Lori,,
75,55.0,Female,Hansenton,,
76,27.0,Female,Jackieport,,
77,19.0,Male,New Timshire,,
78,30.0,Female,Jenniferchester,,
79,61.0,Male,Michaelhaven,,
80,53.0,Female,West Alectown,,
81,28.0,Female,Mezaport,,
82,65.0,Male,East Megan,,
83,23.0,Female,Kevinburgh,,
84,23.0,Male,East Thomasstad,,
85,64.0,Male,North Jennifer,,
86,55.0,Female,East Lynnland,,
87,53.0,Male,Lake Brandon,,
88,19.0,Male,Nicholasside,,
89,55.0,Female,Michaelmouth,,
90,50.0,Male,Port Kenneth,,
91,31.0,Male,Cooperburgh,,
92,41.0,Male,West Brandon,,
93,38.0,Male,Lake Vanessamouth,,
94,18.0,Male,North Eric,,
95,64.0,Female,North Bethport,,
96,60.0,Female,Boothton,,
97,53.0,Male,South Andrea,,
98,55.0,Female,Tinaborough,,
99,61.0,Female,Parkerhaven,,
100,55.0,Female,Tinaborough,,
101,33.0,Male,Port Benjaminstad,,
102,43.0,Female,Donaldside,,
103,46.0,Female,Fordberg,,
104,34.0,Female,West Lisaberg,,
105,50.0,Male,South Jenniferton,,
106,30.0,Male,Shepherdburgh,,
107,34.0,Male,Morganchester,,
108,44.0,Male,Rickymouth,,
109,46.0,Female,Staceyville,,
110,46.0,Female,Kyleside,,
111,24.0,Male,New Christopher,,
112,58.0,Female,East Thomas,,
113,54.0,Female,New Melaniemouth,,
114,20.0,Male,North Andrew,,
115,64.0,Female,Justintown,,
116,43.0,Male,Nicholasstad,,
117,25.0,Female,Johnsonborough,,
118,20.0,Male,East David,,
119,31.0,Male,Lisatown,,
120,22.0,Female,Tylermouth,,
121,63.0,Male,South Deniseburgh,,
122,25.0,Female,Kariville,,
123,23.0,Male,Lake Jill,,
124,52.0,Female,Christophershire,,
125,32.0,Male,Cameronberg,,
126,63.0,Male,West Laura,,
127,34.0,Female,New Meghanmouth,,
128,25.0,Male,New Cherylland,,
129,27.0,Female,Port Jennifer,,
130,49.0,Female,Olsenport,,
131,50.0,Female,Edwardside,,
132,63.0,Male,Linport,,
133,44.0,Female,South Henry,,
134,54.0,Female,Lake Brittneymouth,,
135,32.0,Female,New Ricky,,
136,51.0,Female,East Heatherfurt,,
137,18.0,Female,Lake Wendy,,
138,30.0,Female,Simpsonstad,,
139,56.0,Male,Port Kelly,,
140,52.0,Female,Huntfort,,
141,42.0,Male,Zacharychester,,
142,35.0,Male,North Ashley,,
143,19.0,Female,Walkerburgh,,
144,49.0,Male,West Michelleborough,,
145,21.0,Female,New Ryanfurt,,
146,47.0,Male,Lake James,,
147,59.0,Male,Florestown,,
148,49.0,Female,Port Nicole,,
149,37.0,Female,New Andrew,,
150,44.0,Female,New Ericastad,,
151,58.0,Female,Dustinchester,,
152,50.0,Male,Lake Michael,,
153,21.0,Female,Steveshire,,
154,28.0,Male,Lake Sharon,,
155,41.0,Female,Port Brittanyfort,,
156,53.0,Female,Lake Margaret,,
157,42.0,Female,Lake Johnchester,,
158,35.0,Female,East William,,
159,55.0,Female,Lake Mary,,
160,47.0,Female,Ryanchester,,
161,19.0,Female,Michaelport,,
162,59.0,Female,Lake Rebeccaborough,,
163,23.0,Female,Lake Adamtown,,
164,64.0,Female,Port Luiston,,
165,31.0,Female,North Willieberg,,
166,64.0,Male,New Jacobstad,,
167,30.0,Female,Nataliefort,,
168,23.0,Male,Port Ianland,,
169,28.0,Male,Austinton,,
170,50.0,Male,Ashleyhaven,,
171,59.0,Female,East Christinaton,,
172,60.0,Female,North Alexandertown,,
173,28.0,Male,Johnfort,,
174,43.0,Male,Riosville,,
175,24.0,Male,Coxton,,
176,31.0,Female,Nicoleview,,
177,27.0,Female,Mayville,,
178,59.0,Male,Jamesberg,,
179,49.0,Male,Andersonburgh,,
180,32.0,Male,Taylorfurt,,
181,25.0,Female,West Taylor,,
182,31.0,Female,West Anthony,,
183,20.0,Male,New Karen,,
184,57.0,Female,North Toddton,,
185,30.0,Male,Hectorton,,
186,33.0,Female,Salazarborough,,
187,61.0,Female,New Michaelland,,
188,19.0,Male,Floydburgh,,
189,50.0,Male,North Carolyn,,
190,20.0,Female,New Jeffrey,,
191,36.0,Female,Ericfort,,
192,23.0,Female,Harrisonfort,,
193,43.0,Female,New Stacyfort,,
194,26.0,Male,East Matthewview,,
195,64.0,Female,Richardmouth,,
196,59.0,Male,North Mike,,
197,41.0,Male,South Joseph,,
198,63.0,Male,South Christophermouth,,
199,19.0,Female,East Philipland,,
200,50.0,Female,West Johnside,,
244,,,,yash2,yash@1890
245,,,,yash3,yash3
246,,,,omkuman,omkuman
